CRC0050,,,A146V,wt,wt,wt,,,,
CRC0051,,,G12C,wt,wt,wt,,,,
CRC0052,,,wt,wt,wt,wt,,,,
CRC0053,,,A146T,wt,wt,wt,,,,
CRC0014,,,wt,wt,wt,wt,,,,
CRC0054,,,wt,wt,wt,wt,,,,
CRC0055,,,G12V,wt,wt,?,,,,
CRC0015,,,wt,wt,wt,wt,,,,
CRC0017,,,wt,wt,wt,wt,,,,
CRC0020,,,wt,wt,wt,wt,,,,
CRC0056,,,G12A,wt,wt,wt,,,,
CRC0057,,,wt,wt,wt,wt,,,,
CRC0242,,,G12V,wt,wt,wt,,,,
CRC0058,,,wt,wt,wt,wt,,,,
CRC0059,,,wt,wt,wt,H1047R,,,,
CRC0060,,,G12V,wt,wt,wt,,,,
CRC0061,,,wt,Q61K,wt,wt,,,,
CRC0062,,,wt,Q61K,wt,wt,,,,
CRC0063,,,G12V,wt,wt,wt,,,,
CRC0022,,,wt,Q61K,wt,wt,,,,
CRC0023,,,wt,wt,wt,wt,,,,
CRC0024,,,G13C,wt,wt,wt,,,,
CRC0025,,,wt,wt,wt,wt,,,,
CRC0064,,,G12D,wt,wt,H1047L,,,,
CRC0065,,,wt,wt,wt,wt,,,,
CRC0243,,,wt,wt,wt,wt,,,,
CRC0066,,,wt,wt,wt,wt,,,,
CRC0067,,,wt,G12C,wt,wt,,,,
CRC0068,,,wt,wt,wt,wt,,,,
CRC0069,,,wt,wt,wt,wt,,,,
CRC0070,,,G12D,wt,wt,wt,,,,
CRC0244,,,wt,wt,wt,wt,,,,
CRC0071,,,G13D,wt,wt,wt,,,,
CRC0028,,,G13D,wt,wt,E542V,,,,
CRC0027,,,G13D,wt,wt,wt,,,,
CRC0021,,,G12V,wt,wt,wt,,,,
CRC0029,,,wt,wt,wt,wt,,,,
CRC0106,,,wt,wt,V600E,wt,,,,
CRC0030,,,wt,wt,wt,wt,,,,
CRC0072,,,G12D,wt,wt,wt,,,,
CRC0031,,,G12D,wt,wt,wt,,,,
CRC0094,,,G12C,wt,wt,wt,,,,
CRC0095,,,wt,wt,wt,wt,,,,
CRC0096,,,wt,wt,wt,wt,,,,
CRC0076,,,wt,wt,wt,wt,,,,
CRC0077,,,G12D,wt,wt,wt,,,,
CRC0019,,,G13D,wt,wt,wt,,,,
CRC0078,,,wt,wt,wt,wt,,,,
CRC0079,,,wt,wt,V600E,wt,,,,
CRC0080,,,wt,wt,wt,wt,,,,
CRC0081,,,wt,wt,wt,wt,,,,
CRC0032,,,wt,wt,wt,wt,,,,
CRC0082,,,G13D,wt,wt,wt,,,,
CRC0107,,,,,,,,,,
CRC0083,,,wt,wt,wt,wt,,,,
CRC0085,,,A146T,wt,wt,E545K,,,,
CRC0084,,,wt,wt,wt,wt,,,,
CRC0073,,,G12C,wt,wt,wt,,,,
CRC0108,,,wt,wt,wt,wt,,,,
CRC0086,,,G12V,wt,wt,wt,,,,
CRC0097,,,wt,wt,wt,wt,,,,
CRC0245,,,,,,,,,,
CRC0098,,,wt,wt,wt,wt,,,,
CRC0099,,,wt,wt,wt,wt,,,,
CRC0100,,,wt,Q61L,wt,wt,,,,
CRC0246,,,wt,wt,wt,wt,,,,
CRC0101,,,wt,wt,wt,wt,,,,
CRC0102,,,wt,wt,wt,wt,,,,
CRC0103,,,wt,wt,wt,wt,,,,
CRC0104,,,wt,wt,wt,H1047R,,,,
CRC0105,,,wt,wt,wt,Q546R,,,,
CRC0109,,,wt,wt,wt,wt,,,,
CRC0247,,,,,,,,,,
CRC0110,,,G12D,wt,wt,wt,,,,
CRC0111,,,wt,wt,wt,wt,,,,
CRC0112,,,wt,wt,wt,wt,,,,
CRC0113,,,wt,wt,wt,wt,,,,
CRC0362,,,wt,wt,wt,wt,,,,
CRC0114,,,G12D,wt,wt,wt,,,,
CRC0115,,,wt,wt,wt,wt,,,,
CRC0248,,,wt,wt,wt,E545K,,,,
CRC0116,,,wt,wt,wt,wt,,,,
CRC0117,,,wt,wt,wt,wt,,,,
CRC0118,,,wt,wt,V600E,wt,,,,
CRC0119,,,G12V,wt,wt,H1047R,,,,
CRC0120,,,G12V,wt,wt,wt,,,,
CRC0121,,,wt,wt,wt,wt,,,,
CRC0122,,,wt,wt,wt,wt,,,,
CRC0123,,,G12D,wt,wt,wt,,,,
CRC0124,,,wt,wt,wt,wt,,,,
CRC0250,,,,,,,,,,
CRC0125,,,wt,wt,wt,wt,,,,
CRC0251,,,,,,,,,,
CRC0252,,,wt,wt,wt,wt,,,,
CRC0136,,CRC0136LMX0B02201TUMD01000,,,,,wt,BAD SEQ,BAD SEQ,BAD SEQ
CRC0253,,,G12S,wt,wt,wt,,,,
CRC0137,,,wt,wt,wt,wt,,,,
CRC0138,,,G12D,wt,wt,wt,,,,
CRC0139,,,Q61H,wt,wt,wt,,,,
CRC0140,,,G12C,wt,wt,wt,,,,
CRC0126,,,wt,wt,wt,wt,,,,
CRC0127,,,G13D,wt,wt,wt,,,,
CRC0128,,,G12C,wt,wt,H1047R,,,,
CRC0129,,,wt,wt,wt,wt,,,,
CRC0130,,,G12V,wt,wt,wt,,,,
CRC0131,,,wt,wt,wt,wt,,,,
CRC0132,,,wt,wt,wt,wt,,,,
CRC0133,,,wt,wt,wt,wt,,,,
CRC0134,,,A146V,wt,wt,wt,,,,
CRC0135,,,G12C,wt,wt,H1047R,,,,
CRC0141,,,G12V,wt,wt,wt,,,,
CRC0142,,,wt,wt,wt,wt,,,,
CRC0143,,,G12C,wt,wt,wt,,,,
CRC0144,,,G12C,wt,wt,wt,,,,
CRC0145,,,wt,wt,wt,H1047R,,,,
CRC0146,,,wt,wt,wt,wt,,,,
CRC0147,,,wt,wt,wt,wt,,,,
CRC0148,,,G12D,wt,wt,wt,,,,
CRC0149,,,G13D,wt,wt,wt,,,,
CRC0150,,,wt,G12D,wt,wt,,,,
CRC0151,,,wt,wt,wt,wt,,,,
CRC0152,,CRC0152LMX0B01201TUMD01000,,,,,wt,wt,wt,wt
CRC0153,,,wt,wt,wt,wt,,,,
CRC0154,,,G12V,wt,wt,wt,,,,
CRC0155,,,G12D,wt,wt,wt,,,,
CRC0156,,,G13D,wt,wt,wt,,,,
CRC0157,,CRC0157LMX0A02204TUMD01000,,,,,wt,wt,wt,wt
CRC0158,,,G12V,wt,wt,Q546K,,,,
CRC0159,,,wt,wt,wt,wt,,,,
CRC0160,,,G12D,wt,wt,wt,,,,
CRC0161,,,wt,wt,wt,wt,,,,
CRC0162,,,G12V,wt,wt,wt,,,,
CRC0163,,,G12V,wt,wt,wt,,,,
CRC0164,,CRC0164LMX0B02201TUMD01000,,,,,wt,BAD SEQ,wt,G1049R
CRC0165,,,G12V,wt,wt,wt,,,,
CRC0166,,,wt,wt,wt,wt,,,,
CRC0167,,,G12C,wt,wt,wt,,,,
CRC0168,,,G12V,wt,wt,E545K,,,,
CRC0169,,,G13D,wt,wt,wt,,,,
CRC0170,,,G12D,wt,wt,H1047R,,,,
CRC0171,,,wt,wt,wt,wt,,,,
CRC0172,,,,,,,,,,
CRC0173,,,wt,Q61R,wt,wt,,,,
CRC0174,,,wt,Q61R,wt,wt,,,,
CRC0175,,,G12A,wt,wt,wt,,,,
CRC0176,,,wt,wt,wt,wt,,,,
CRC0177,,,wt,wt,wt,wt,,,,
CRC0178,,,wt,wt,wt,wt,,,,
CRC0179,,,wt,wt,wt,wt,,,,
CRC0181,,,Q61H,wt,wt,wt,,,,
CRC0184,,,G12V,wt,wt,wt,,,,
CRC0185,,CRC0185LMX0B02204TUMD01000,,,,,wt,wt,wt,wt
CRC0186,,,wt,wt,wt,wt,,,,
CRC0188,,,wt,wt,wt,wt,,,,
CRC0189,,,wt,wt,wt,wt,,,,
CRC0190,,,wt,wt,wt,wt,,,,
CRC0192,,,,,,,,,,
CRC0193,,,,,,,,,,
CRC0195,PR,CRC0195PRX0A01201TUMD01000,,,,,bad ,wt,wt,wt
CRC0196,,,wt,wt,wt,wt,,,,
CRC0197,,,wt,wt,wt,wt,,,,
CRC0198,,,G12C,wt,wt,wt,,,,
CRC0199,,,wt,wt,wt,wt,,,,
CRC0200,,,wt,wt,wt,wt,,,,
CRC0201,,,,,,,,,,
CRC0202,,,wt,wt,wt,wt,,,,
CRC0203,,,G12D,wt,wt,wt,,,,
CRC0204,,,wt,wt,wt,wt,,,,
CRC0206,,,wt,wt,wt,wt,,,,
CRC0207,,,G13D,wt,wt,wt,,,,
CRC0210,,,wt,wt,wt,wt,,,,
CRC0213,,,,,,,,,,
CRC0214,,,wt,wt,wt,wt,,,,
CRC0215,,,wt,wt,wt,wt,,,,
CRC0216,,,G12V,wt,wt,wt,,,,
CRC0217,,,G12V,wt,wt,wt,,,,
CRC0218,,,G13D,wt,wt,wt,,,,
CRC0219,,,wt,wt,wt,wt,,,,
CRC0221,,,wt,G12D,wt,wt,,,,
CRC0222,,,wt,wt,wt,,,,,
CRC0223,PR,CRC0223PRX0A01201TUMD01000,,,,,bad ,wt,wt,wt
CRC0224,,,wt,Q61L,wt,wt,,,,
CRC0225,,,,,,,,,,
CRC0226,PR,CRC0226PRX0B01201TUMD01000,,,,,wt,wt,V600E,wt
CRC0227,,,wt,wt,wt,wt,,,,
CRC0228,,,G12V,wt,wt,wt,,,,
CRC0229,,,G12S,wt,wt,wt,,,,
CRC0231,,CRC0231LMX0A01001TUMD01000,-,-,-,-,A146T,wt,wt,wt
CRC0232,,,wt,wt,wt,wt,,,,
CRC0233,,,wt,wt,wt,wt,,,,
CRC0234,PR,CRC0234PRX0A01201TUMD01000,,,,,wt,wt,wt,wt
CRC0235,,,wt,wt,wt,wt,,,,
CRC0237,,,wt,wt,wt,wt,,,,
CRC0238,PR,CRC0238PRX0B01201TUMD01000,,,,,G12S,bad,wt,wt
CRC0239,,,wt,wt,wt,wt,,,,
CRC0240,PR,CRC0240PRX0A01201TUMD01000,,,,,wt,wt,wt,wt
CRC0254,,,wt,wt,wt,wt,,,,
CRC0256,PR,CRC0256PRX0A01201TUMD01000,,,,,bad ,wt,V600E,wt
CRC0257,,,wt,wt,wt,wt,,,,
CRC0259,PR,CRC0259PRX0A01201TUMD01000,,,,,bad ,wt,bad,bad
CRC0261,,,G12V,wt,wt,wt,,,,
CRC0262,,,wt,wt,wt,wt,,,,
CRC0263,PR,CRC0263PRX0A01201TUMD01000,,,,,G13D,wt,bad,wt
CRC0264,,,wt,wt,wt,wt,,,,
CRC0265,,,G12V,wt,wt,E545K,,,,
CRC0267,PR,CRC0267PRX0A01201TUMD01000,,,,,G12S,wt,wt,wt
CRC0268,PR,CRC0268PRX0A01201TUMD01000,,,,,wt,wt,wt,wt
CRC0269,PR,CRC0269PRX0B01201TUMD01000,,,,,G12D,wt,wt,Q546K
CRC0272,PR,CRC0272PRX0B01201TUMD01000,,,,,wt,wt,wt,wt
CRC0273,,,,,,,,,,
CRC0274,,CRC0274LMX0A01201TUMD01000,,,,,G12S,wt,wt,wt
CRC0275,,,,,,,,,,
CRC0276,,CRC0276LMX0A02002TUMD01000,,,,,wt,wt,wt,wt
CRC0277,,CRC0277LMX0A01004TUMD01000,,,,,G12D,wt,wt,H1047R
CRC0278,,,,,,,,,,
CRC0279,,,,,,,,,,
CRC0280,,,,,,,,,,
CRC0281,PR,CRC0281PRX0B01201TUMD01000,,,,,G13D,wt,wt,E545K
CRC0282,PR,CRC0282PRX0A01201TUMD01000,,,,,G13D,wt,wt,wt
CRC0284,,,wt,wt,wt,wt,,,,
CRC0285,,,wt,wt,wt,wt,,,,
CRC0287,PR,CRC0287PRX0A01201TUMD01000,,,,,wt,G12D,wt,wt
CRC0288,PR,CRC0288PRX0A01201TUMD01000,,,,,wt,wt,bad seq,wt
CRC0290,PR,CRC0290PRX0A01201TUMD01000,,,,,G12V,wt,bad seq,wt
CRC0291,,,G12D,wt,wt,wt,,,,
CRC0296,,,G12V,,wt,wt,,,,
CRC0297,,,wt,wt,wt,wt,,,,
CRC0301,,,,,,,,,,
CRC0303,,,wt,wt,wt,G1049R,,,,
CRC0305,,,G12V,wt,wt,wt,,,,
CRC0306,,,wt,wt,wt,wt,,,,
CRC0307,,,wt,wt,wt,wt,,,,
CRC0309,,,G12V,,wt,wt,,,,
CRC0310,,,G12V,wt,wt,wt,,,,
CRC0311,PR,CRC0311PRX0A01201TUMD01000,,,,,wt,wt,bad seq,wt
CRC0312,,,wt,wt,wt,wt,,,,
CRC0313,,,wt,Q61L,wt,wt,,,,
CRC0314,,,A146T,wt,wt,wt,,,,
CRC0315,PR,CRC0315PRX0A01201TUMD01000,,,,,G13D,wt,bad seq,wt
CRC0316,,,wt,wt,wt,wt,,,,
CRC0317,PR,CRC0317PRX0A01201TUMD01000,,,,,A146V,wt,bad seq,wt
CRC0318,,,G12D,wt,wt,wt,,,,
CRC0319,,,,,,,,,,
CRC0320,PR,CRC0320PRX0B01201TUMD01000,,,,,wt,wt,wt,wt
CRC0321,,,wt,wt,wt,wt,,,,
CRC0322,,CRC0322LMX0A01201TUMD01000,,,,,wt,wt,wt,wt
CRC0323,,CRC0323LMX0A02001TUMD01000,,,,,wt,wt,V600E,wt
CRC0324,,,G12V,wt,wt,wt,,,,
CRC0327,,,wt,wt,wt,wt,,,,
CRC0328,,,wt,,wt,wt,,,,
CRC0329,,,,,,wt,,,,
CRC0330,,,G13D,,wt,wt,,,,
CRC0331,,,G13D,,wt,,,,,
CRC0332,,,,wt,wt,wt,,,,
CRC0333,LM,,,G12D,wt,E542A,,,,
CRC0333,PR,CRC0333PRX0A01201TUMD01000,,,,,wt,G12D,wt,E542A
CRC0334,,,wt,wt,wt,,,,,
CRC0336,PR,CRC0336PRX0A01201TUMD01000,,,,,wt,wt,wt,wt
CRC0337,PR,CRC0337PRX0B01201TUMD01000,,,,,wt,wt,wt,wt
CRC0339,,,G12V,wt,wt,wt,,,,
CRC0340,PR,CRC0340PRX0A01201TUMD01000,,,,,A146T,wt,wt,wt
CRC0342,,,wt,wt,wt,wt,,,,
CRC0343,,,wt,wt,wt,wt,,,,
CRC0344,,,wt,wt,wt,wt,,,,
CRC0345,,CRC0345LMX0A02201TUMD01000,,,,,wt,wt,wt,wt
CRC0346,,,,,,,,,,
CRC0347,,,,,,,,,,
CRC0348,,CRC0348LMX0A01201TUMD01000,,,,,G12D,wt,wt,wt
CRC0349,,CRC0349LMX0A02201TUMD01000,,,,,G12D,wt,wt,wt
CRC0350,,,,,,,,,,
CRC0351,,,,,,,,,,
CRC0352,,,,,,,,,,
CRC0353,,,,,,,,,,
CRC0354,,CRC0354LMX0A02002TUMD01000,,,,,Q61H,wt,wt,E545K
CRC0355,,CRC0355LMX0A01201TUMD01000,,,,,,wt,wt,wt
CRC0356,,,wt,,wt,wt,,,,
CRC0357,,,G13D,wt,wt,wt,,,,
CRC0358,,,wt,wt,wt,wt,,,,
CRC0360,PR,CRC0360PRX0B01201TUMD01000,,,,,wt,wt,V600E,H1047R
CRC0361,,,wt,wt,wt,wt,,,,
CRC0366,,,wt,wt,wt,wt,,,,
CRC0367,PR,CRC0367PRX0A01201TUMD01000,,,,,wt,wt,wt,wt
CRC0370,,,,wt,wt,wt,,,,
CRC0371,,,wt,wt,wt,wt,,,,
CRC0372,,,wt,,wt,wt,,,,
CRC0375,,,wt,,wt,wt,,,,
CRC0376,,,wt,wt,wt,wt,,,,
CRC0377,,,G12D,wt,wt,wt,,,,
CRC0378,,,wt,wt,wt,wt,,,,
CRC0379,,,wt,wt,wt,H1047R,,,,
CRC0380,,,wt,,wt,,,,,
CRC0382,,,wt,,wt,wt,,,,
CRC0383,,,wt,,wt,wt,,,,
CRC0385,,,wt,wt,wt,wt,,,,
CRC0386,,,,,,,,,,
CRC0387,,,wt,wt,wt,,,,,
CRC0397,,,wt,wt,wt,wt,,,,
CRC0391,,,wt,wt,wt,Q546R,,,,
CRC0392,,,wt,,wt,wt,,,,
CRC0394,,,wt,wt,wt,wt,,,,
CRC0396,,,wt,wt,wt,wt,,,,
CRC0399,,,wt,wt,wt,wt,,,,
CRC0400,,,wt,wt,wt,wt,,,,
CRC0402,,,wt ?,wt,wt,wt,,,,
CRC0403,,,wt,wt,wt,wt,,,,
CRC0404,,,wt,wt,wt,wt,,,,
CRC0406,,,G12S,wt,wt,wt,,,,
CRC0410,,,G12R,wt,wt,wt,,,,
CRC0413,,,G12V,wt,wt,wt,,,,
CRC0414,,,wt,wt,wt,wt,,,,
CRC0415,,,G12V,wt,wt,wt,,,,
CRC0416,,,wt,wt,wt,wt,,,,
CRC0417,,,wt,wt,wt,wt,,,,
CRC0418,,,wt,wt,V600E,wt,,,,
CRC0419,,,wt,wt,wt,wt,,,,
CRC0420,,,wt,wt,wt,wt,,,,
CRC0422,,,wt,wt,wt,wt,,,,
CRC0425,,,wt,wt,wt,wt,,,,
CRC0426,,,G13D,wt,wt,wt,,,,
CRC0427,,,wt,wt,wt,wt,,,,
CRC0429,,,G12V,wt,wt,wt,,,,
CRC0430,,,,,,,,,,
CRC0431,,,wt,wt,wt,wt,,,,
CRC0435,,,wt,wt,wt,wt,,,,
CRC0437,,,wt,wt,wt,wt,,,,
CRC0438,,,Q61K,wt,wt,wt,,,,
CRC0440,,,wt,wt,wt,wt,,,,
CRC0441,,,wt,wt,wt,wt,,,,
CRC0442,,,wt,wt,wt,wt,,,,
CRC0447,,,wt,wt,wt,wt,,,,
CRC0449,,CRC0449LMX0A02003TUMD01000,,,,,Q61P,wt,wt,wt
CRC0450,,,G12D,wt,wt,wt,,,,
CRC0451,,CRC0451LMX0A01001TUMD01000,,,,,G12D,wt,wt,wt
CRC0452,,,wt,G12D,wt,E545K,,,,
CRC0453,PR,,,,,,,,,
CRC0454,,,G12D,wt,wt,wt,,,,
CRC0455,,,wt,wt,wt,wt,,,,
CRC0456,,,wt,wt,wt,wt,,,,
CRC0457,,,wt,wt,wt,wt,,,,
CRC0458,,,wt,wt,wt,wt,,,,
CRC0461,,,G12D,wt,wt,wt,,,,
CRC0464,,,G13D,wt,wt,wt,,,,
CRC0465,,,wt,wt,wt,wt,,,,
CRC0466,PR,,,,,,,,,
CRC0467,,,G12A,wt,wt,wt,,,,
CRC0468,,,G12V,wt,wt,H1047R,,,,
CRC0469,PR,,,,,,,,,
CRC0470,PR,,,,,,,,,
CRC0471,,CRC0471LMX0B01001TUMD01000,,,,,G12S,wt,wt,wt
CRC0472,PR,,,,,,,,,
CRC0473,PR,,,,,,,,,
CRC0474,PR,,,,,,,,,
CRC0475,,,wt,wt,wt,wt,,,,
CRC0476,PR,,,,,,,,,
CRC0477,,,wt,wt,wt,wt,,,,
CRC0478,,,G13D,wt,wt,wt,,,,
CRC0479,,CRC0479LMX0A01001TUMD01000,,,,,G13D,wt,wt,E545G
CRC0480,,,wt,wt,V600E,wt,,,,
CRC0481,,,G13D,wt,wt,E545A,,,,
CRC0482,,,wt,wt,wt,wt,,,,
CRC0483,,,wt,wt,wt,wt,,,,
CRC0484,,,wt,wt,V600E,wt,,,,
CRC0485,,,,,,,,,,
CRC0486,,,wt,wt,V600E,wt,,,,
CRC0487,,,wt,wt,wt,wt,,,,
CRC0488,,,wt,wt,wt,wt,,,,
CRC0489,,,,,,,,,,
CRC0490,,,wt,wt,wt,wt,,,,
CRC0491,PR,,,,,,,,,
CRC0492,,,G12D,wt,wt,wt,,,,
CRC0493,,,wt,wt,wt,wt,,,,
CRC0494,,,wt,wt,wt,wt,,,,
CRC0495,,,wt,wt,wt,wt,,,,
CRC0496,,,G12C,wt,wt,wt,,,,
CRC0497,,,wt,wt,wt,wt,,,,
CRC0498,,,G12S,wt,wt,wt,,,,
CRC0499,,,G12V,wt,wt,wt,,,,
CRC0501,,,,,,,,,,
CRC0502,,CRC0502LMX0A01001TUMD01000,,,,,G12V,wt,wt,wt
CRC0503,,CRC0503LMX0A01001TUMD01000,,,,,G12V,wt,wt,wt
CRC0504,,CRC0504LMX0A01001TUMD01000,,,,,G13D,wt,wt,wt
CRC0505,,CRC0505LMX0A01001TUMD01000,,,,,wt,wt,wt,wt
CRC0506,PR,,,,,,,,,
CRC0507,,CRC0507LMX0A01001TUMD01000,,,,,G12R,wt,wt,wt
CRC0508,,CRC0508LMX0A01001TUMD01000,,,,,wt,wt,wt,wt
CRC0509,,,,,,,,,,
CRC0510,,,,,,,,,,
CRC0511,,,,,,,,,,
CRC0512,,CRC0512LMX0B01001TUMD01000,,,,,wt,wt,wt,wt
CRC0513,,CRC0513LMX0A01001TUMD01000,,,,,Q61H,wt,wt,wt
CRC0514,PR,,,,,,,,,
CRC0515,,CRC0515LMX0A01001TUMD01000,,,,,wt,wt,wt,wt
CRC0516,,CRC0516LMX0B01001TUMD01000,,,,,wt,wt,wt,wt
CRC0517,,CRC0517LMX0A01001TUMD01000,,,,,G13D,wt,wt,wt
CRC0518,,CRC0518LMX0A01001TUMD01000,,,,,wt,Q61K,wt,wt
CRC0519,,,,,,,,,,
CRC0520,,CRC0520LMX0B01001TUMD01000,,,,,G12V,wt,wt,wt
CRC0521,,,,,,,,,,
CRC0522,PR,,,,,,,,,
CRC0523,,,,,,,,,,
CRC0524,,,,,,,,,,
CRC0525,,CRC0525LMX0A01001TUMD01000,,,,,wt,wt,wt,wt
CRC0526,,CRC0526LMX0A01001TUMD01000,,,,,G12V,wt,wt,wt
CRC0527,,CRC0527LMX0A01001TUMD01000,,,,,wt,wt,wt,wt
CRC0528,,CRC0528LMX0B01001TUMD01000,,,,,wt,wt,V600E,wt
CRC0529,,CRC0529LMX0A01001TUMD01000,,,,,wt,wt,wt,wt
CRC0530,,CRC0530LMX0A01001TUMD01000,,,,,G12V,wt,wt,wt
CRC0531,,,,,,,,,,
CRC0532,,,,,,,,,,
CRC0533,,,,,,,,,,
CRC0534,,,,,,,,,,
CRC0535,,CRC0535LMX0B01001TUMD01000,,,,,wt,wt,wt,wt
CRC0536,,CRC0536LMX0B01001TUMD01000,,,,,wt,wt,wt,wt
CRC0537,,CRC0537LMX0A01001TUMD01000,,,,,wt,wt,wt,wt
CRC0538,,CRC0538LMX0A01001TUMD01000,,,,,wt,wt,wt,wt
CRC0539,,CRC0539LMX0A01001TUMD01000,,,,,wt,wt,wt,wt
CRC0540,,,,,,,,,,
CRC0541,,,,,,,,,,
CRC0542,,CRC0542LMX0B01001TUMD01000,,,,,wt,wt,wt,wt
CRC0543,,,,,,,,,,
CRC0544,,CRC0544LMX0A01001TUMD01000,,,,,G12D,wt,wt,wt
CRC0545,,,,,,,,,,
CRC0546,,,,,,,,,,
CRC0547,,,,,,,,,,
CRC0548,,,,,,,,,,
CRC0549,,,,,,,,,,
CRC0550,,,,,,,,,,
CRC0551,,,,,,,,,,
CRC0552,,,,,,,,,,
CRC0553,,,,,,,,,,
CRC0554,,CRC0554LMX0B01001TUMD01000,,,,,G12V,wt,wt,wt
CRC0555,,CRC0555LMX0B01001TUMD01000,,,,,G12R,wt,wt,wt
CRC0556,,,,,,,,,,
CRC0557,,CRC0557LMX0B01001TUMD01000,,,,,Q61P,wt,wt,wt
CRC0558,,CRC0558LMX0B01001TUMD01000,,,,,wt,Q61R,wt,wt
CRC0559,,,,,,,,,,
CRC0560,,,,,,,,,,
CRC0561,,,,,,,,,,
CRC0562,,,,,,,,,,
CRC0563,,,,,,,,,,
CRC0564,,,,,,,,,,
